,Ram,memory_gb,memory_type
0,8GB DDR4 RAM,8GB,DDR4
1,8GB LPDDR4 RAM,8GB,LPDDR4 
2,8GB LPDDR5 RAM,8GB,LPDDR5 
3,16GB LPDDR5 RAM,16GB,LPDDR5 
4,16GB DDR5 RAM,16GB,DDR5
5,8GB DDR4 RAM,8GB,DDR4
6,8GB DDR4 RAM,8GB,DDR4
7,8GB LPDDR4 RAM,8GB,LPDDR4 
8,16GB DDR4 RAM,16GB,DDR4
9,16GB DDR5 RAM,16GB,DDR5
10,8GB DDR4 RAM,8GB,DDR4
11,16GB DDR4 RAM,16GB,DDR4
12,16GB DDR4 RAM,16GB,DDR4
13,16GB DDR5 RAM,16GB,DDR5
14,8GB  RAM,8GB,None
15,8GB DDR4 RAM,8GB,DDR4
16,8GB DDR4 RAM,8GB,DDR4
17,8GB DDR4 RAM,8GB,DDR4
18,16GB LPDDR4x RAM,16GB,LPDDR4x
19,8GB DDR4 RAM,8GB,DDR4
20,8GB DDR4 RAM,8GB,DDR4
21,16GB DDR4 RAM,16GB,DDR4
22,16GB DDR4 RAM,16GB,DDR4
23,16GB LPDDR5 RAM,16GB,LPDDR5 
24,16GB DDR4 RAM,16GB,DDR4
25,8GB DDR4 RAM,8GB,DDR4
26,8GB DDR4 RAM,8GB,DDR4
27,16GB DDR4 RAM,16GB,DDR4
28,8GB DDR4 RAM,8GB,DDR4
29,32GB LPDDR5 RAM,32GB,LPDDR5 
30,8GB DDR4 RAM,8GB,DDR4
31,16GB LPDDR5x RAM,16GB,LPDDR5x
32,16GB LPDDR5 RAM,16GB,LPDDR5 
33,16GB DDR4 RAM,16GB,DDR4
34,8GB LPDDR5 RAM,8GB,LPDDR5 
35,16GB LPDDR4x RAM,16GB,LPDDR4x
36,16GB DDR5 RAM,16GB,DDR5
37,16GB LPDDR5 RAM,16GB,LPDDR5 
38,16GB LPDDR5X RAM,16GB,LPDDR5X
39,8GB DDR4 RAM,8GB,DDR4
40,8GB DDR4 RAM,8GB,DDR4
41,16GB DDR4 RAM,16GB,DDR4
42,16GB DDR5 SDRAM RAM,16GB,DDR5
43,16GB DDR5 RAM,16GB,DDR5
44,16GB DDR4 RAM,16GB,DDR4
45,4GB DDR4 RAM,4GB,DDR4
46,16GB DDR4 RAM,16GB,DDR4
47,16GB DDR5 RAM,16GB,DDR5
48,16GB DDR5 RAM,16GB,DDR5
49,16GB DDR4 RAM,16GB,DDR4
50,16GB LPDDR5 RAM,16GB,LPDDR5 
51,8GB LPDDR4x RAM,8GB,LPDDR4x
52,16GB DDR4 RAM,16GB,DDR4
53,16GB DDR4 RAM,16GB,DDR4
54,16GB LPDDR5 RAM,16GB,LPDDR5 
55,16GB LPDDR5 RAM,16GB,LPDDR5 
56,32GB DDR5 RAM,32GB,DDR5
57,16GB DDR4 RAM,16GB,DDR4
58,32GB LPDDR4X RAM,32GB,LPDDR4X
59,16GB LPDDR5x RAM,16GB,LPDDR5x
60,16GB LPDDR5 RAM,16GB,LPDDR5 
61,16GB LPDDR4x RAM,16GB,LPDDR4x
62,32GB DDR5 RAM,32GB,DDR5
63,16GB DDR4 RAM,16GB,DDR4
64,16GB DDR5 RAM,16GB,DDR5
65,32GB DDR5 RAM,32GB,DDR5
66,16GB LPDDR5 RAM,16GB,LPDDR5 
67,16GB DDR4 RAM,16GB,DDR4
68,16GB DDR5 RAM,16GB,DDR5
69,48GB  RAM,48GB,None
70,16GB DDR4 RAM,16GB,DDR4
71,8GB DDR4 RAM,8GB,DDR4
72,16GB DDR4 RAM,16GB,DDR4
73,16GB DDR5 RAM,16GB,DDR5
74,8GB DDR4 RAM,8GB,DDR4
75,16GB LPDDR4X RAM,16GB,LPDDR4X
76,16GB DDR4 RAM,16GB,DDR4
77,8GB DDR4 RAM,8GB,DDR4
78,8GB DDR4 RAM,8GB,DDR4
79,16GB DDR5 RAM,16GB,DDR5
80,16GB DDR4 RAM,16GB,DDR4
81,16GB DDR4 RAM,16GB,DDR4
82,8GB DDR4 RAM,8GB,DDR4
83,16GB DDR4 RAM,16GB,DDR4
84,16GB DDR5 RAM,16GB,DDR5
85,4GB DDR4 RAM,4GB,DDR4
86,16GB DDR5 RAM,16GB,DDR5
87,4GB LPDDR4X RAM,4GB,LPDDR4X
88,16GB DDR4 RAM,16GB,DDR4
89,16GB DDR5 RAM,16GB,DDR5
90,8GB DDR4 RAM,8GB,DDR4
91,32GB LPDDR5X RAM,32GB,LPDDR5X
92,16GB DDR4 RAM,16GB,DDR4
93,16GB DDR5 RAM,16GB,DDR5
94,16GB DDR4 RAM,16GB,DDR4
95,16GB DDR5 RAM,16GB,DDR5
96,16GB DDR4 RAM,16GB,DDR4
97,8GB DDR4 RAM,8GB,DDR4
98,16GB DDR4 RAM,16GB,DDR4
99,16GB DDR5 RAM,16GB,DDR5
100,16GB LPDDR4 RAM,16GB,LPDDR4 
101,8GB DDR4 RAM,8GB,DDR4
102,8GB DDR4 RAM,8GB,DDR4
103,16GB LPDDR5 RAM,16GB,LPDDR5 
104,8GB DDR4 RAM,8GB,DDR4
105,16GB DDR4 RAM,16GB,DDR4
106,8GB DDR4 RAM,8GB,DDR4
107,8GB DDR4 RAM,8GB,DDR4
108,Storage: 512 GB NVMe SSD,None,None
109,2GB DDR3 RAM,2GB,DDR3
110,32GB LPDDR5X RAM,32GB,LPDDR5X
111,16GB DDR4 RAM,16GB,DDR4
112,16GB DDR4 RAM,16GB,DDR4
113,32GB DDR5 RAM,32GB,DDR5
114,32GB LPDDR5X RAM,32GB,LPDDR5X
115,16GB LPDDR5X RAM,16GB,LPDDR5X
116,16GB LPDDR5X RAM,16GB,LPDDR5X
117,16GB LPDDR5X RAM,16GB,LPDDR5X
118,16GB LPDDR5 RAM,16GB,LPDDR5 
119,16GB DDR5 RAM,16GB,DDR5
120,8GB DDR4 RAM,8GB,DDR4
121,8GB DDR4 RAM,8GB,DDR4
122,8GB  RAM,8GB,None
123,16GB  RAM,16GB,None
124,32GB DDR5 RAM,32GB,DDR5
125,32GB LPDDR5x RAM,32GB,LPDDR5x
126,16GB LPDDR5x RAM,16GB,LPDDR5x
127,64GB DDR5 RAM,64GB,DDR5
128,16GB LPDDR5 RAM,16GB,LPDDR5 
129,16GB LPDDR5X RAM,16GB,LPDDR5X
130,16GB LPDDR5 RAM,16GB,LPDDR5 
131,16GB LPDDR5 RAM,16GB,LPDDR5 
132,16GB LPDDR5X RAM,16GB,LPDDR5X
133,16GB DDR4 RAM,16GB,DDR4
134,32GB LPDDR5X RAM,32GB,LPDDR5X
135,16GB LPDDR5X RAM,16GB,LPDDR5X
136,16GB LPDDR5X RAM,16GB,LPDDR5X
137,16GB LPDDR5X RAM,16GB,LPDDR5X
138,32GB LPDDR5X RAM,32GB,LPDDR5X
139,16GB LPDDR5 RAM,16GB,LPDDR5 
140,8GB DDR4 RAM,8GB,DDR4
141,16GB DDR5 RAM,16GB,DDR5
142,16GB DDR4 RAM,16GB,DDR4
143,8GB DDR4 RAM,8GB,DDR4
144,16GB LPDDR4X RAM,16GB,LPDDR4X
145,8GB DDR4 RAM,8GB,DDR4
146,16GB LPDDR4X RAM,16GB,LPDDR4X
147,8GB DDR4 RAM,8GB,DDR4
148,16GB DDR4 RAM,16GB,DDR4
149,8GB LPDDR5 RAM,8GB,LPDDR5 
150,32GB DDR5 RAM,32GB,DDR5
151,8GB  DDR4 RAM,8GB,DDR4
152,16GB LPDDR4X RAM,16GB,LPDDR4X
153,16GB DDR4 RAM,16GB,DDR4
154,16GB LPDDR5 RAM,16GB,LPDDR5 
155,16GB LPDDR5 RAM,16GB,LPDDR5 
156,16GB LPDDR5 RAM,16GB,LPDDR5 
157,36GB  RAM,36GB,None
158,18GB  RAM,18GB,None
159,16GB DDR5 RAM,16GB,DDR5
160,8GB LPDDR5 RAM,8GB,LPDDR5 
161,8GB  RAM,8GB,None
162,8GB DDR4 RAM,8GB,DDR4
163,16GB DDR4 RAM,16GB,DDR4
164,8GB DDR5 RAM,8GB,DDR5
165,16GB DDR4 RAM,16GB,DDR4
166,16GB LPDDR5 RAM,16GB,LPDDR5 
167,8GB LPDDR4 RAM,8GB,LPDDR4 
168,8GB DDR5 RAM,8GB,DDR5
169,8GB DDR5 RAM,8GB,DDR5
170,16GB DDR4 RAM,16GB,DDR4
171,16GB DDR4 RAM,16GB,DDR4
172,12GB LPDDR4 RAM,12GB,LPDDR4 
173,8GB DDR4 RAM,8GB,DDR4
174,8GB LPDDR4X RAM,8GB,LPDDR4X
175,16GB DDR4 RAM,16GB,DDR4
176,16GB DDR5 RAM,16GB,DDR5
177,8GB DDR4 RAM,8GB,DDR4
178,8GB DDR4  RAM,8GB,DDR4
179,16GB DDR5 RAM,16GB,DDR5
180,16GB DDR4 RAM,16GB,DDR4
181,16GB  RAM,16GB,None
182,16GB DDR4 RAM,16GB,DDR4
183,4GB DDR4 RAM,4GB,DDR4
184,16GB DDR4 RAM,16GB,DDR4
185,16GB DDR4 RAM,16GB,DDR4
186,16GB LPDDR5X RAM,16GB,LPDDR5X
187,8GB DDR4 RAM,8GB,DDR4
188,16GB LPDDR5  RAM,16GB,LPDDR5 
189,8GB DDR4 RAM,8GB,DDR4
190,8GB LPDDR4X RAM,8GB,LPDDR4X
191,16GB DDR4 RAM,16GB,DDR4
192,16GB DDR4 RAM,16GB,DDR4
193,8GB DDR4 RAM,8GB,DDR4
194,16GB DDR4 RAM,16GB,DDR4
195,16GB DDR4 RAM,16GB,DDR4
196,8GB DDR4 RAM,8GB,DDR4
197,16GB DDR5 RAM,16GB,DDR5
198,16GB DDR5 RAM,16GB,DDR5
199,8GB DDR4 RAM,8GB,DDR4
200,16GB DDR4 RAM,16GB,DDR4
201,64GB DDR5 RAM,64GB,DDR5
202,8GB LPDDR5 RAM,8GB,LPDDR5 
203,16GB LPDDR4x RAM,16GB,LPDDR4x
204,16GB LPDDR4x RAM,16GB,LPDDR4x
205,32GB DDR5 RAM,32GB,DDR5
206,16GB DDR5 RAM,16GB,DDR5
207,16GB DDR4 RAM,16GB,DDR4
208,16GB DDR5 RAM,16GB,DDR5
209,16GB DDR4 RAM,16GB,DDR4
210,16GB DDR5 RAM,16GB,DDR5
211,16GB DDR4  RAM,16GB,DDR4
212,8GB DDR4 RAM,8GB,DDR4
213,8GB LPDDR4X RAM,8GB,LPDDR4X
214,16GB LPDDR5 RAM,16GB,LPDDR5 
215,16GB LPDDR5 RAM,16GB,LPDDR5 
216,8GB DDR4 RAM,8GB,DDR4
217,16GB DDR4 RAM,16GB,DDR4
218,8GB LPDDR5 RAM,8GB,LPDDR5 
219,8GB DDR4 RAM,8GB,DDR4
220,16GB LPDDR4x RAM,16GB,LPDDR4x
221,16GB LPDDRx4 RAM,16GB,None
222,32GB LPDDR5X RAM,32GB,LPDDR5X
223,16GB LPDDR5 RAM,16GB,LPDDR5 
224,8GB DDR4 RAM,8GB,DDR4
225,32GB DDR5 RAM,32GB,DDR5
226,16GB DDR5 RAM,16GB,DDR5
227,16GB DDR5 RAM,16GB,DDR5
228,16GB DDR5 RAM,16GB,DDR5
229,16GB DDR5 RAM,16GB,DDR5
230,32GB DDR5 RAM,32GB,DDR5
231,32GB DDR4 RAM,32GB,DDR4
232,16GB DDR4 RAM,16GB,DDR4
233,16GB DDR4 RAM,16GB,DDR4
234,16GB DDR4 RAM,16GB,DDR4
235,16GB DDR4 RAM,16GB,DDR4
236,32GB DDR5 RAM,32GB,DDR5
237,32GB DDR5 RAM,32GB,DDR5
238,8GB DDR3 RAM,8GB,DDR3
239,16GB DDR5 RAM,16GB,DDR5
240,8GB LPDDR4X RAM,8GB,LPDDR4X
241,16GB LPDDR5 RAM,16GB,LPDDR5 
242,16GB DDR4 RAM,16GB,DDR4
243,16GB DDR4 RAM,16GB,DDR4
244,16GB DDR4 RAM,16GB,DDR4
245,8GB LPDDR5 RAM,8GB,LPDDR5 
246,16GB LPDDR5x RAM,16GB,LPDDR5x
247,16GB DDR4 RAM,16GB,DDR4
248,32GB DDR5 RAM,32GB,DDR5
249,16GB DDR4 RAM,16GB,DDR4
250,32GB LPDDR5 RAM,32GB,LPDDR5 
251,16GB DDR5 RAM,16GB,DDR5
252,8GB DDR4 RAM,8GB,DDR4
253,16GB DDR4 RAM,16GB,DDR4
254,32GB LPDDR5 RAM,32GB,LPDDR5 
255,16GB DDR4 RAM,16GB,DDR4
256,16GB DDR4 RAM,16GB,DDR4
257,16GB LPDDR5 RAM,16GB,LPDDR5 
258,16GB LPDDR5 RAM,16GB,LPDDR5 
259,16GB LPDDR5 RAM,16GB,LPDDR5 
260,32GB LPDDR5 RAM,32GB,LPDDR5 
261,32GB DDR5 RAM,32GB,DDR5
262,16GB DDR6 RAM,16GB,DDR6
263,16GB DDR4 RAM,16GB,DDR4
264,16GB LPDDR5X RAM,16GB,LPDDR5X
265,8GB DDR4 RAM,8GB,DDR4
266,16GB DDR4 RAM,16GB,DDR4
267,16GB DDR4 RAM,16GB,DDR4
268,16GB LPDDR5 RAM,16GB,LPDDR5 
269,16GB LPDDR5x RAM,16GB,LPDDR5x
270,16GB LPDDR5X RAM,16GB,LPDDR5X
271,32GB LPDDR5x RAM,32GB,LPDDR5x
272,12GB LPDDR3 RAM,12GB,LPDDR3 
273,16GB DDR4 RAM,16GB,DDR4
274,16GB DDR4 RAM,16GB,DDR4
275,16GB DDR5 RAM,16GB,DDR5
276,16GB LPDDR4X RAM,16GB,LPDDR4X
277,16GB DDR5 RAM,16GB,DDR5
278,16GB LPDDR5 RAM,16GB,LPDDR5 
279,16GB LPDDR5 RAM,16GB,LPDDR5 
280,4GB LPDDR4X RAM,4GB,LPDDR4X
281,4GB LPDDR4X RAM,4GB,LPDDR4X
282,8GB LPDDR4X RAM,8GB,LPDDR4X
283,16GB DDR5 RAM,16GB,DDR5
284,16GB LPDDR5 RAM,16GB,LPDDR5 
285,16GB DDR5 RAM,16GB,DDR5
286,16GB DDR4 RAM,16GB,DDR4
287,8GB DDR5 RAM,8GB,DDR5
288,8GB DDR4 RAM,8GB,DDR4
289,8GB DDR4 RAM,8GB,DDR4
290,8GB LPDDR4X RAM,8GB,LPDDR4X
291,8GB DDR5 RAM,8GB,DDR5
292,8GB DDR4 RAM,8GB,DDR4
293,16GB DDR4 RAM,16GB,DDR4
294,8GB DDR4 RAM,8GB,DDR4
295,32GB LPDDR5x RAM,32GB,LPDDR5x
296,16GB DDR4 RAM,16GB,DDR4
297,32GB LPDDR5x RAM,32GB,LPDDR5x
298,32GB LPDDR5x RAM,32GB,LPDDR5x
299,16GB DDR5 RAM,16GB,DDR5
300,8GB LPDDR5 RAM,8GB,LPDDR5 
301,16GB DDR4 RAM,16GB,DDR4
302,16GB DDR5 SDRAM RAM,16GB,DDR5
303,8GB LPDDR5 RAM,8GB,LPDDR5 
304,16GB DDR4 RAM,16GB,DDR4
305,8GB DDR4 RAM,8GB,DDR4
306,8GB DDR4 RAM,8GB,DDR4
307,8GB LPDDR4X RAM,8GB,LPDDR4X
308,16GB LPDDR5 RAM,16GB,LPDDR5 
309,16GB DDR5 RAM,16GB,DDR5
310,16GB DDR5 RAM,16GB,DDR5
311,8GB LPDDR5 RAM,8GB,LPDDR5 
312,16GB LPDDR5 RAM,16GB,LPDDR5 
313,8GB LPDDR4X RAM,8GB,LPDDR4X
314,16GB DDR5 RAM,16GB,DDR5
315,16GB LPDDR5 RAM,16GB,LPDDR5 
316,8GB LPDDR4 RAM,8GB,LPDDR4 
317,16GB LPDDR5X RAM,16GB,LPDDR5X
318,32GB LPDDR5x RAM,32GB,LPDDR5x
319,8GB DDR4 RAM,8GB,DDR4
320,8GB DDR4 RAM,8GB,DDR4
321,16GB DDR4 RAM,16GB,DDR4
322,8GB DDR4 RAM,8GB,DDR4
323,16GB DDR4 RAM,16GB,DDR4
324,8GB LPDDR5 RAM,8GB,LPDDR5 
325,16GB DDR5 RAM,16GB,DDR5
326,16GB DDR4 RAM,16GB,DDR4
327,16GB LPDDR5X RAM,16GB,LPDDR5X
328,16GB DDR4 RAM,16GB,DDR4
329,16GB  RAM,16GB,None
330,8GB LPDDR5 RAM,8GB,LPDDR5 
331,8GB DDR4 RAM,8GB,DDR4
332,8GB LPDDR5 RAM,8GB,LPDDR5 
333,16GB DDR4 RAM,16GB,DDR4
334,16GB DDR4 RAM,16GB,DDR4
335,16GB LPDDR5 RAM,16GB,LPDDR5 
336,8GB LPDDR5 RAM,8GB,LPDDR5 
337,16GB LPDDR5 RAM,16GB,LPDDR5 
338,16GB LPDDR5 RAM,16GB,LPDDR5 
339,8GB  RAM,8GB,None
340,8GB DDR4 RAM,8GB,DDR4
341,8GB DDR4 RAM,8GB,DDR4
342,8GB DDR4 RAM,8GB,DDR4
343,64GB DDR5 RAM,64GB,DDR5
344,8GB LPDDR5 RAM,8GB,LPDDR5 
345,16GB DDR4 RAM,16GB,DDR4
346,16GB DDR4 RAM,16GB,DDR4
347,16GB LPDDR5 RAM,16GB,LPDDR5 
348,8GB  RAM,8GB,None
349,16GB DDR4 RAM,16GB,DDR4
350,8GB DDR4 RAM,8GB,DDR4
351,8GB DDR4 RAM,8GB,DDR4
352,36GB  RAM,36GB,None
353,8GB  RAM,8GB,None
354,18GB  RAM,18GB,None
355,18GB  RAM,18GB,None
356,36GB  RAM,36GB,None
357,8GB DDR4 RAM,8GB,DDR4
358,16GB DDR4 RAM,16GB,DDR4
359,16GB LPDDR5 RAM,16GB,LPDDR5 
360,8GB DDR5 RAM,8GB,DDR5
361,8GB DDR4 RAM,8GB,DDR4
362,8GB DDR4 RAM,8GB,DDR4
363,8GB DDR4 RAM,8GB,DDR4
364,16GB LPDDR4X RAM,16GB,LPDDR4X
365,16GB DDR5 RAM,16GB,DDR5
366,16GB DDR4 RAM,16GB,DDR4
367,8GB DDR4 RAM,8GB,DDR4
368,8GB DDR4 RAM,8GB,DDR4
369,8GB DDR4 RAM,8GB,DDR4
370,8GB DDR4  RAM,8GB,DDR4
371,16GB DDR4 RAM,16GB,DDR4
372,8GB LPDDR4X RAM,8GB,LPDDR4X
373,8GB LPDDR5 RAM,8GB,LPDDR5 
374,16GB LPDDR5 RAM,16GB,LPDDR5 
375,8GB DDR4 RAM,8GB,DDR4
376,16GB DDR4 RAM,16GB,DDR4
377,8GB LPDDR5 RAM,8GB,LPDDR5 
378,8GB DDR4 RAM,8GB,DDR4
379,8GB DDR5 RAM,8GB,DDR5
380,16GB DDR4 RAM,16GB,DDR4
381,16GB DDR4 RAM,16GB,DDR4
382,16GB DDR4 RAM,16GB,DDR4
383,16GB DDR4 RAM,16GB,DDR4
384,16GB DDR5 RAM,16GB,DDR5
385,16GB DDR4 RAM,16GB,DDR4
386,16GB DDR5 RAM,16GB,DDR5
387,16GB LPDDR5 RAM,16GB,LPDDR5 
388,16GB LPDDR5 RAM,16GB,LPDDR5 
389,8GB LPDDR5 RAM,8GB,LPDDR5 
390,16GB DDR4 RAM,16GB,DDR4
391,16GB DDR5 RAM,16GB,DDR5
392,16GB DDR4 RAM,16GB,DDR4
393,16GB DDR4 RAM,16GB,DDR4
394,16GB DDR4 RAM,16GB,DDR4
395,8GB DDR4 RAM,8GB,DDR4
396,8GB LPDDR5 RAM,8GB,LPDDR5 
397,8GB DDR4 RAM,8GB,DDR4
398,16GB DDR4 RAM,16GB,DDR4
399,16GB DDR4 RAM,16GB,DDR4
400,8GB DDR4 RAM,8GB,DDR4
401,16GB LPDDR5 RAM,16GB,LPDDR5 
402,8GB DDR4 RAM,8GB,DDR4
403,8GB DDR4 RAM,8GB,DDR4
404,16GB DDR4 RAM,16GB,DDR4
405,16GB LPDDR5 RAM,16GB,LPDDR5 
406,16GB DDR4 RAM,16GB,DDR4
407,8GB LPDDR4X RAM,8GB,LPDDR4X
408,8GB DDR4 RAM,8GB,DDR4
409,8GB LPDDR5 RAM,8GB,LPDDR5 
410,8GB DDR4 RAM,8GB,DDR4
411,4GB DDR4 RAM,4GB,DDR4
412,8GB DDR4 RAM,8GB,DDR4
413,8GB DDR4 RAM,8GB,DDR4
414,32GB DDR5 RAM,32GB,DDR5
415,4GB LPDDR4 RAM,4GB,LPDDR4 
416,16GB DDR5 RAM,16GB,DDR5
417,8GB DDR4 RAM,8GB,DDR4
418,16GB DDR4 RAM,16GB,DDR4
419,8GB DDR4 RAM,8GB,DDR4
420,8GB DDR5 RAM,8GB,DDR5
421,8GB DDR4 RAM,8GB,DDR4
422,16GB LPDDR5x RAM,16GB,LPDDR5x
423,16GB DDR5 RAM,16GB,DDR5
424,16GB DDR5 RAM,16GB,DDR5
425,16GB LPDDR5X RAM,16GB,LPDDR5X
426,16GB LPDDR5 RAM,16GB,LPDDR5 
427,16GB LPDDR5 RAM,16GB,LPDDR5 
428,8GB DDR4 RAM,8GB,DDR4
429,16GB DDR4 RAM,16GB,DDR4
430,16GB LPDDR4X RAM,16GB,LPDDR4X
431,8GB DDR4 RAM,8GB,DDR4
432,8GB DDR4 RAM,8GB,DDR4
433,8GB DDR4 RAM,8GB,DDR4
434,8GB LPDDR5  RAM,8GB,LPDDR5 
435,16GB LPDDR5X RAM,16GB,LPDDR5X
436,8GB LPDDR5 RAM,8GB,LPDDR5 
437,16GB DDR5 RAM,16GB,DDR5
438,32GB DDR5 RAM,32GB,DDR5
439,16GB DDR4 RAM,16GB,DDR4
440,16GB DDR4 RAM,16GB,DDR4
441,16GB LPDDR5 RAM,16GB,LPDDR5 
442,16GB DDR5 RAM,16GB,DDR5
443,64GB DDR5 RAM,64GB,DDR5
444,16GB LPDDR5 RAM,16GB,LPDDR5 
445,16GB LPDDR5 RAM,16GB,LPDDR5 
446,8GB DDR4  RAM,8GB,DDR4
447,8GB DDR4 RAM,8GB,DDR4
448,16GB DDR4 RAM,16GB,DDR4
449,4GB LPDDR4 RAM,4GB,LPDDR4 
450,8GB DDR4 RAM,8GB,DDR4
451,4GB LPDDR4X RAM,4GB,LPDDR4X
452,16GB LPDDR4X RAM,16GB,LPDDR4X
453,16GB DDR4 RAM,16GB,DDR4
454,16GB DDR5 RAM,16GB,DDR5
455,8GB DDR4 RAM,8GB,DDR4
456,16GB DDR5 RAM,16GB,DDR5
457,8GB LPDDR5 RAM,8GB,LPDDR5 
458,16GB DDR4 RAM,16GB,DDR4
459,16GB DDR4 RAM,16GB,DDR4
460,8GB DDR4 RAM,8GB,DDR4
461,16GB DDR4 RAM,16GB,DDR4
462,16GB DDR4 RAM,16GB,DDR4
463,16GB DDR4 RAM,16GB,DDR4
464,8GB LPDDR5 RAM,8GB,LPDDR5 
465,16GB DDR4 RAM,16GB,DDR4
466,8GB DDR4 RAM,8GB,DDR4
467,8GB  RAM,8GB,None
468,8GB DDR4 RAM,8GB,DDR4
469,4GB DDR4 RAM,4GB,DDR4
470,8GB LPDDR5 RAM,8GB,LPDDR5 
471,8GB DDR4 RAM,8GB,DDR4
472,8GB LPDDR5 RAM,8GB,LPDDR5 
473,16GB DDR4 RAM,16GB,DDR4
474,8GB DDR4 RAM,8GB,DDR4
475,32GB DDR5 RAM,32GB,DDR5
476,8GB DDR4 RAM,8GB,DDR4
477,16GB DDR5 RAM,16GB,DDR5
478,16GB DDR5 RAM,16GB,DDR5
479,32GB DDR5 RAM,32GB,DDR5
480,8GB LPDDR5 RAM,8GB,LPDDR5 
481,8GB DDR4 RAM,8GB,DDR4
482,16GB LPDDR4X RAM,16GB,LPDDR4X
483,16GB DDR4 RAM,16GB,DDR4
484,8GB DDR4 RAM,8GB,DDR4
485,16GB DDR5 RAM,16GB,DDR5
486,16GB DDR5  RAM,16GB,DDR5
487,16GB DDR4 RAM,16GB,DDR4
488,8GB DDR4 RAM,8GB,DDR4
489,16GB LPDDR4X RAM,16GB,LPDDR4X
490,8GB DDR4 RAM,8GB,DDR4
491,16GB DDR4 RAM,16GB,DDR4
492,16GB LPDDR4X RAM,16GB,LPDDR4X
493,16GB DDR4 RAM,16GB,DDR4
494,8GB DDR4 RAM,8GB,DDR4
495,16GB LPDDR5 RAM,16GB,LPDDR5 
496,8GB DDR4 RAM,8GB,DDR4
497,16GB DDR5 RAM,16GB,DDR5
498,8GB DDR4 RAM,8GB,DDR4
499,16GB DDR5 RAM,16GB,DDR5
500,16GB DDR4 RAM,16GB,DDR4
501,16GB DDR4 RAM,16GB,DDR4
502,16GB DDR4 RAM,16GB,DDR4
503,8GB  RAM,8GB,None
504,16GB  LPDDR5 RAM,16GB,LPDDR5 
505,8GB LPDDR5 RAM,8GB,LPDDR5 
506,16GB DDR5 RAM,16GB,DDR5
507,8GB DDR5 RAM,8GB,DDR5
508,16GB LPDDR5 RAM,16GB,LPDDR5 
509,8GB DDR4 RAM,8GB,DDR4
510,16GB DDR5 RAM,16GB,DDR5
511,8GB DDR4 RAM,8GB,DDR4
512,16GB DDR5 RAM,16GB,DDR5
513,16GB DDR4 RAM,16GB,DDR4
514,16GB DDR4 RAM,16GB,DDR4
515,16GB DDR4 RAM,16GB,DDR4
516,16GB DDR4- RAM,16GB,DDR4
517,8GB DDR5 SDRAM RAM,8GB,DDR5
518,8GB DDR4 RAM,8GB,DDR4
519,16GB LPDDR5 RAM,16GB,LPDDR5 
520,8GB DDR5 RAM,8GB,DDR5
521,8GB DDR4 RAM,8GB,DDR4
522,16GB  RAM,16GB,None
523,16GB DDR5 RAM,16GB,DDR5
524,16GB DDR4 RAM,16GB,DDR4
525,8GB DDR4 RAM,8GB,DDR4
526,16GB DDR4 RAM,16GB,DDR4
527,16GB DDR4 RAM,16GB,DDR4
528,16GB DDR4 RAM,16GB,DDR4
529,16GB LPDDR5 RAM,16GB,LPDDR5 
530,8GB DDR4 RAM,8GB,DDR4
531,16GB LPDDR5 RAM,16GB,LPDDR5 
532,16GB DDR4 RAM,16GB,DDR4
533,8GB  RAM,8GB,None
534,16GB  RAM,16GB,None
535,8GB DDR5 RAM,8GB,DDR5
536,8GB DDR4 RAM,8GB,DDR4
537,8GB DDR4 RAM,8GB,DDR4
538,8GB DDR4 RAM,8GB,DDR4
539,32GB DDR5 RAM,32GB,DDR5
540,16GB DDR5 RAM,16GB,DDR5
541,8GB DDR4 RAM,8GB,DDR4
542,8GB DDR4 RAM,8GB,DDR4
543,16GB DDR4 RAM,16GB,DDR4
544,4GB LPDDR4X RAM,4GB,LPDDR4X
545,4GB LPDDR4X RAM,4GB,LPDDR4X
546,8GB DDR4 RAM,8GB,DDR4
547,16GB DDR5 RAM,16GB,DDR5
548,16GB DDR4 RAM,16GB,DDR4
549,8GB DDR5 RAM,8GB,DDR5
550,8GB LPDDR4x RAM,8GB,LPDDR4x
551,16GB DDR4 RAM,16GB,DDR4
552,16GB LPDDR5 RAM,16GB,LPDDR5 
553,16GB DDR4 RAM,16GB,DDR4
554,16GB LPDDR5 RAM,16GB,LPDDR5 
555,16GB DDR5 RAM,16GB,DDR5
556,16GB DDR4 RAM,16GB,DDR4
557,8GB LPDDR5 RAM,8GB,LPDDR5 
558,16GB LPDDR5 RAM,16GB,LPDDR5 
559,8GB DDR4 RAM,8GB,DDR4
560,16GB DDR4 RAM,16GB,DDR4
561,16GB DDR4 RAM,16GB,DDR4
562,16GB DDR4 RAM,16GB,DDR4
563,16GB DDR4 RAM,16GB,DDR4
564,16GB DDR4 RAM,16GB,DDR4
565,16GB DDR4 RAM,16GB,DDR4
566,16GB DDR5 RAM,16GB,DDR5
567,16GB DDR4 RAM,16GB,DDR4
568,8GB DDR4 RAM,8GB,DDR4
569,8GB LPDDR5 RAM,8GB,LPDDR5 
570,16GB DDR4 RAM,16GB,DDR4
571,16GB DDR4 RAM,16GB,DDR4
572,8GB DDR4 RAM,8GB,DDR4
573,8GB DDR4 RAM,8GB,DDR4
574,8GB DDR4 RAM,8GB,DDR4
575,16GB LPDDR5  RAM,16GB,LPDDR5 
576,16GB DDR4 RAM,16GB,DDR4
577,8GB DDR5 RAM,8GB,DDR5
578,16GB DDR4 RAM,16GB,DDR4
579,8GB DDR4 RAM,8GB,DDR4
580,16GB DDR5 RAM,16GB,DDR5
581,16GB DDR4 RAM,16GB,DDR4
582,8GB LPDDR5 RAM,8GB,LPDDR5 
583,16GB LPDDR5 RAM,16GB,LPDDR5 
584,16GB DDR4 RAM,16GB,DDR4
585,8GB LPDDR4 RAM,8GB,LPDDR4 
586,8GB LPDDR4 RAM,8GB,LPDDR4 
587,16GB LPDDR4 RAM,16GB,LPDDR4 
588,16GB LPDDR5 RAM,16GB,LPDDR5 
589,8GB DDR4 RAM,8GB,DDR4
590,32GB DDR5 RAM,32GB,DDR5
591,8GB DDR4 RAM,8GB,DDR4
592,8GB DDR4 RAM,8GB,DDR4
593,32GB DDR5 RAM,32GB,DDR5
594,16GB DDR4 RAM,16GB,DDR4
595,16GB DDR4 RAM,16GB,DDR4
596,16GB LPDDR4X RAM,16GB,LPDDR4X
597,16GB  LPDDR5 RAM,16GB,LPDDR5 
598,16GB LPDDR4X RAM,16GB,LPDDR4X
599,16GB LPDDR5 RAM,16GB,LPDDR5 
600,16GB  LPDDR5 RAM,16GB,LPDDR5 
601,16GB DDR4 RAM,16GB,DDR4
602,8GB DDR4 RAM,8GB,DDR4
603,8GB DDR4 RAM,8GB,DDR4
604,16GB LPDDR5 RAM,16GB,LPDDR5 
605,8GB DDR4 RAM,8GB,DDR4
606,16GB LPDDR5  RAM,16GB,LPDDR5 
607,8GB LPDDR5 RAM,8GB,LPDDR5 
608,8GB DDR4 RAM,8GB,DDR4
609,8GB LPDDR5 RAM,8GB,LPDDR5 
610,16GB LPDDR5  RAM,16GB,LPDDR5 
611,16GB DDR4 RAM,16GB,DDR4
612,16GB DDR4 RAM,16GB,DDR4
613,16GB DDR5 RAM,16GB,DDR5
614,16GB DDR4 RAM,16GB,DDR4
615,8GB DDR5 RAM,8GB,DDR5
616,16GB DDR4 RAM,16GB,DDR4
617,16GB DDR4 RAM,16GB,DDR4
618,8GB DDR4 RAM,8GB,DDR4
619,16GB DDR4 RAM,16GB,DDR4
620,16GB DDR5 RAM,16GB,DDR5
621,16GB DDR5 RAM,16GB,DDR5
622,8GB DDR5 RAM,8GB,DDR5
623,16GB DDR5 RAM,16GB,DDR5
624,32GB DDR5 RAM,32GB,DDR5
625,16GB DDR4 RAM,16GB,DDR4
626,16GB DDR4 RAM,16GB,DDR4
627,8GB DDR4 RAM,8GB,DDR4
628,16GB DDR4 RAM,16GB,DDR4
629,8GB DDR4 RAM,8GB,DDR4
630,8GB DDR4 RAM,8GB,DDR4
631,16GB LPDDR5 RAM,16GB,LPDDR5 
632,16GB LPDDR4 RAM,16GB,LPDDR4 
633,16GB LPDDR4X RAM,16GB,LPDDR4X
634,16GB  LPDDR5 RAM,16GB,LPDDR5 
635,16GB DDR5 RAM,16GB,DDR5
636,16GB  LPDDR5 RAM,16GB,LPDDR5 
637,16GB DDR4 RAM,16GB,DDR4
638,16GB DDR5 RAM,16GB,DDR5
639,16GB DDR4 RAM,16GB,DDR4
640,8GB DDR4 RAM,8GB,DDR4
641,16GB DDR4 RAM,16GB,DDR4
642,16GB DDR4 RAM,16GB,DDR4
643,16GB LPDDR5 RAM,16GB,LPDDR5 
644,16GB DDR4 RAM,16GB,DDR4
645,16GB  LPDDR5 RAM,16GB,LPDDR5 
646,16GB DDR5 RAM,16GB,DDR5
647,16GB DDR4 RAM,16GB,DDR4
648,16GB DDR5 RAM,16GB,DDR5
649,16GB DDR5 RAM,16GB,DDR5
650,8GB DDR4 RAM,8GB,DDR4
651,16GB DDR5 RAM,16GB,DDR5
652,32GB DDR5 RAM,32GB,DDR5
653,16GB DDR4 RAM,16GB,DDR4
654,16GB DDR5 RAM,16GB,DDR5
655,16GB DDR5 RAM,16GB,DDR5
656,16GB DDR5 RAM,16GB,DDR5
657,32GB DDR5 RAM,32GB,DDR5
658,16GB DDR5 RAM,16GB,DDR5
659,16GB DDR5 RAM,16GB,DDR5
660,16GB LPDDR4X RAM,16GB,LPDDR4X
661,8GB DDR4 RAM,8GB,DDR4
662,8GB DDR4 RAM,8GB,DDR4
663,8GB DDR5 RAM,8GB,DDR5
664,8GB DDR4 RAM,8GB,DDR4
665,16GB DDR5 RAM,16GB,DDR5
666,16GB PDDR5X  RAM,16GB,DDR5
667,16GB LPDDR5  RAM,16GB,LPDDR5 
668,16GB LPDDR5  RAM,16GB,LPDDR5 
669,16GB DDR4 RAM,16GB,DDR4
670,8GB DDR4 RAM,8GB,DDR4
671,16GB DDR4 RAM,16GB,DDR4
672,32GB DDR5 RAM,32GB,DDR5
673,16GB DDR5 RAM,16GB,DDR5
674,16GB  LPDDR5 RAM,16GB,LPDDR5 
675,16GB DDR4 RAM,16GB,DDR4
676,32GB DDR5 RAM,32GB,DDR5
677,32GB LPDDR5 RAM,32GB,LPDDR5 
678,16GB LPDDR5 RAM,16GB,LPDDR5 
679,8GB DDR4 RAM,8GB,DDR4
680,8GB DDR4 RAM,8GB,DDR4
681,16GB DDR5 RAM,16GB,DDR5
682,64GB LPDDR5 RAM,64GB,LPDDR5 
683,16GB DDR4 RAM,16GB,DDR4
684,8GB DDR4 RAM,8GB,DDR4
685,16GB LPDDR5 RAM,16GB,LPDDR5 
686,16GB DDR4 RAM,16GB,DDR4
687,8GB LPDDR5 RAM,8GB,LPDDR5 
688,32GB DDR5 RAM,32GB,DDR5
689,16GB DDR5 RAM,16GB,DDR5
690,16GB DDR5 RAM,16GB,DDR5
691,16GB DDR4 RAM,16GB,DDR4
692,16GB DDR4 RAM,16GB,DDR4
693,8GB  LPDDR5 RAM,8GB,LPDDR5 
694,16GB DDR4 RAM,16GB,DDR4
695,16GB LPDDR4X RAM,16GB,LPDDR4X
696,16GB DDR4 RAM,16GB,DDR4
697,16GB DDR4 RAM,16GB,DDR4
698,16GB DDR5 RAM,16GB,DDR5
699,8GB DDR4 RAM,8GB,DDR4
700,16GB LPDDR5 RAM,16GB,LPDDR5 
701,16GB DDR4 RAM,16GB,DDR4
702,16GB DDR5 RAM,16GB,DDR5
703,16GB DDR5 RAM,16GB,DDR5
704,32GB DDR5 RAM,32GB,DDR5
705,32GB DDR5 RAM,32GB,DDR5
706,16GB DDR5 RAM,16GB,DDR5
707,16GB DDR5 RAM,16GB,DDR5
708,16GB DDR5 RAM,16GB,DDR5
709,32GB DDR5 RAM,32GB,DDR5
710,8GB DDR4 RAM,8GB,DDR4
711,16GB DDR5 RAM,16GB,DDR5
712,16GB DDR4 RAM,16GB,DDR4
713,16GB LPDDR5 RAM,16GB,LPDDR5 
714,16GB DDR5 RAM,16GB,DDR5
715,4GB DDR4  RAM,4GB,DDR4
716,16GB DDR4 RAM,16GB,DDR4
717,16GB DDR4 RAM,16GB,DDR4
718,16GB DDR5 RAM,16GB,DDR5
719,16GB LPDDR5 RAM,16GB,LPDDR5 
720,8GB LPDDR5  RAM,8GB,LPDDR5 
721,8GB DDR4 RAM,8GB,DDR4
722,16GB DDR4 RAM,16GB,DDR4
723,16GB DDR4 RAM,16GB,DDR4
724,16GB LPDDR5  RAM,16GB,LPDDR5 
725,16GB LPDDR5  RAM,16GB,LPDDR5 
726,32GB LPDDR5X RAM,32GB,LPDDR5X
727,8GB DDR4 RAM,8GB,DDR4
728,16GB DDR5 RAM,16GB,DDR5
729,8GB DDR4  RAM,8GB,DDR4
730,16GB DDR4 RAM,16GB,DDR4
731,8GB DDR4 RAM,8GB,DDR4
732,8GB DDR4 RAM,8GB,DDR4
733,16GB DDR4 RAM,16GB,DDR4
734,8GB DDR4 RAM,8GB,DDR4
735,8GB DDR4  RAM,8GB,DDR4
736,16GB DDR4 RAM,16GB,DDR4
737,8GB DDR4 RAM,8GB,DDR4
738,16GB DDR4 RAM,16GB,DDR4
739,16GB LPDDR5 RAM,16GB,LPDDR5 
740,8GB LPDDR5 RAM,8GB,LPDDR5 
741,16GB LPDDR5 RAM,16GB,LPDDR5 
742,16GB LPDDR5 RAM,16GB,LPDDR5 
743,16GB LPDDR5 RAM,16GB,LPDDR5 
744,16GB LPDDR5 RAM,16GB,LPDDR5 
745,8GB DDR4 RAM,8GB,DDR4
746,16GB LPDDR5 RAM,16GB,LPDDR5 
747,8GB DDR4 RAM,8GB,DDR4
748,16GB DDR4 RAM,16GB,DDR4
749,8GB LPDDR5 RAM,8GB,LPDDR5 
750,8GB LPDDR5 RAM,8GB,LPDDR5 
751,16GB DDR4 RAM,16GB,DDR4
752,16GB DDR4 RAM,16GB,DDR4
753,8GB DDR4 RAM,8GB,DDR4
754,8GB DDR4 RAM,8GB,DDR4
755,16GB DDR4  RAM,16GB,DDR4
756,16GB DDR4 RAM,16GB,DDR4
757,8GB DDR4 RAM,8GB,DDR4
758,16GB DDR5 RAM,16GB,DDR5
759,16GB LPDDR5X RAM,16GB,LPDDR5X
760,16GB LPDDR5 RAM,16GB,LPDDR5 
761,8GB LPDDR5 RAM,8GB,LPDDR5 
762,8GB DDR4 RAM,8GB,DDR4
763,16GB DDR4 RAM,16GB,DDR4
764,8GB LPDDR5 RAM,8GB,LPDDR5 
765,8GB LPDDR4 RAM,8GB,LPDDR4 
766,16GB LPDDR5 RAM,16GB,LPDDR5 
767,16GB DDR5 RAM,16GB,DDR5
768,32GB DDR5 RAM,32GB,DDR5
769,16GB LPDDR5 RAM,16GB,LPDDR5 
770,8GB DDR4 RAM,8GB,DDR4
771,16GB DDR5 RAM,16GB,DDR5
772,8GB DDR4 RAM,8GB,DDR4
773,16GB LPDDR5  RAM,16GB,LPDDR5 
774,8GB DDR4 RAM,8GB,DDR4
775,32GB DDR5 RAM,32GB,DDR5
776,8GB DDR4 RAM,8GB,DDR4
777,16GB DDR4 RAM,16GB,DDR4
778,8GB LPDDR5 RAM,8GB,LPDDR5 
779,8GB DDR4 RAM,8GB,DDR4
780,16GB DDR5 RAM,16GB,DDR5
781,8GB DDR4 RAM,8GB,DDR4
782,8GB DDR4 RAM,8GB,DDR4
783,16GB DDR4 RAM,16GB,DDR4
784,8GB LPDDR5 RAM,8GB,LPDDR5 
785,8GB DDR4 RAM,8GB,DDR4
786,8GB LPDDR5  RAM,8GB,LPDDR5 
787,32GB DDR5 RAM,32GB,DDR5
788,16GB DDR4 RAM,16GB,DDR4
789,16GB DDR4 RAM,16GB,DDR4
790,8GB DDR4 RAM,8GB,DDR4
791,8GB LPDDR5 RAM,8GB,LPDDR5 
792,16GB DDR5 RAM,16GB,DDR5
793,16GB DDR5 RAM,16GB,DDR5
794,8GB DDR5 RAM,8GB,DDR5
795,16GB DDR5 RAM,16GB,DDR5
796,16GB DDR5 RAM,16GB,DDR5
797,8GB DDR5 RAM,8GB,DDR5
798,16GB DDR5 RAM,16GB,DDR5
799,16GB DDR4 RAM,16GB,DDR4
800,8GB DDR4 RAM,8GB,DDR4
801,16GB DDR5 RAM,16GB,DDR5
802,8GB DDR4 RAM,8GB,DDR4
803,16GB DDR5 RAM,16GB,DDR5
804,8GB DDR4 RAM,8GB,DDR4
805,16GB DDR4 RAM,16GB,DDR4
806,16GB DDR4 RAM,16GB,DDR4
807,16GB DDR4 RAM,16GB,DDR4
808,8GB DDR4 RAM,8GB,DDR4
809,32GB DDR5 RAM,32GB,DDR5
810,8GB DDR4 RAM,8GB,DDR4
811,16GB DDR4 RAM,16GB,DDR4
812,32GB DDR5 RAM,32GB,DDR5
813,32GB LPDDR5 RAM,32GB,LPDDR5 
814,8GB LPDDR5 RAM,8GB,LPDDR5 
815,32GB DDR5 RAM,32GB,DDR5
816,16GB DDR4 RAM,16GB,DDR4
817,16GB DDR5 RAM,16GB,DDR5
818,32GB DDR5 RAM,32GB,DDR5
819,8GB DDR4 RAM,8GB,DDR4
820,16GB DDR4 RAM,16GB,DDR4
821,16GB DDR5 RAM,16GB,DDR5
822,8GB DDR4 RAM,8GB,DDR4
823,16GB LPDDR5 RAM,16GB,LPDDR5 
824,8GB LPDDR5 RAM,8GB,LPDDR5 
825,16GB DDR4 RAM,16GB,DDR4
826,8GB DDR4 RAM,8GB,DDR4
827,4GB DDR4 RAM,4GB,DDR4
828,4GB DDR4 RAM,4GB,DDR4
829,16GB DDR4 RAM,16GB,DDR4
830,16GB DDR4 RAM,16GB,DDR4
831,8GB DDR4 RAM,8GB,DDR4
832,16GB DDR4 RAM,16GB,DDR4
833,16GB DDR4 RAM,16GB,DDR4
834,8GB DDR4 RAM,8GB,DDR4
835,16GB DDR4 RAM,16GB,DDR4
836,8GB DDR4 RAM,8GB,DDR4
837,8GB DDR4 RAM,8GB,DDR4
838,8GB LPDDR5 RAM,8GB,LPDDR5 
839,8GB DDR4 RAM,8GB,DDR4
840,16GB DDR4 RAM,16GB,DDR4
841,16GB LPDDR5 RAM,16GB,LPDDR5 
842,8GB DDR4 RAM,8GB,DDR4
843,16GB DDR4 RAM,16GB,DDR4
844,8GB DDR4 RAM,8GB,DDR4
845,16GB DDR4 RAM,16GB,DDR4
846,8GB DDR4 RAM,8GB,DDR4
847,8GB DDR4 RAM,8GB,DDR4
848,8GB DDR4 RAM,8GB,DDR4
849,8GB DDR4 RAM,8GB,DDR4
850,16GB DDR4 RAM,16GB,DDR4
851,16GB LPDDR5  RAM,16GB,LPDDR5 
852,8GB DDR4 RAM,8GB,DDR4
853,32GB DDR5 RAM,32GB,DDR5
854,16GB DDR5 RAM,16GB,DDR5
855,8GB DDR4 RAM,8GB,DDR4
856,8GB DDR4 RAM,8GB,DDR4
857,32GB DDR5 RAM,32GB,DDR5
858,16GB LPDDR5 RAM,16GB,LPDDR5 
859,16GB DDR5 RAM,16GB,DDR5
860,16GB LPDDR5 RAM,16GB,LPDDR5 
861,8GB DDR4  RAM,8GB,DDR4
862,8GB DDR4 RAM,8GB,DDR4
863,8GB DDR4 RAM,8GB,DDR4
864,32GB DDR5 RAM,32GB,DDR5
865,16GB LPDDR4X RAM,16GB,LPDDR4X
866,8GB DDR4 RAM,8GB,DDR4
867,16GB DDR4 RAM,16GB,DDR4
868,16GB LPDDR5  RAM,16GB,LPDDR5 
869,16GB LPDDR5  RAM,16GB,LPDDR5 
870,8GB LPDDR5  RAM,8GB,LPDDR5 
871,16GB DDR4 RAM,16GB,DDR4
872,8GB DDR4 RAM,8GB,DDR4
873,8GB DDR4 RAM,8GB,DDR4
874,32GB DDR5 RAM,32GB,DDR5
875,8GB LPDDR5 RAM,8GB,LPDDR5 
876,8GB DDR4 RAM,8GB,DDR4
877,8GB DDR4 RAM,8GB,DDR4
878,16GB DDR4 RAM,16GB,DDR4
879,32GB DDR5 RAM,32GB,DDR5
880,16GB DDR4 RAM,16GB,DDR4
881,16GB DDR4 RAM,16GB,DDR4
882,8GB DDR5 RAM,8GB,DDR5
883,8GB DDR4 RAM,8GB,DDR4
884,16GB DDR4 RAM,16GB,DDR4
885,16GB DDR4 RAM,16GB,DDR4
886,8GB DDR4 RAM,8GB,DDR4
887,8GB DDR4 RAM,8GB,DDR4
888,16GB LPDDR4X RAM,16GB,LPDDR4X
889,16GB DDR4 RAM,16GB,DDR4
890,16GB LPDDR5 RAM,16GB,LPDDR5 
891,16GB DDR5 RAM,16GB,DDR5
892,8GB LPDDR5 RAM,8GB,LPDDR5 
893,16GB DDR4 RAM,16GB,DDR4
894,16GB DDR5 RAM,16GB,DDR5
895,16GB DDR5 RAM,16GB,DDR5
896,16GB DDR5 RAM,16GB,DDR5
897,8GB DDR5 RAM,8GB,DDR5
898,16GB DDR5 RAM,16GB,DDR5
899,16GB DDR5 RAM,16GB,DDR5
900,16GB DDR5 RAM,16GB,DDR5
901,16GB LPDDR5 RAM,16GB,LPDDR5 
902,16GB DDR4 RAM,16GB,DDR4
903,8GB DDR4 RAM,8GB,DDR4
904,16GB LPDDR4X RAM,16GB,LPDDR4X
905,16GB LPDDR4X RAM,16GB,LPDDR4X
906,8GB LPDDR5 RAM,8GB,LPDDR5 
907,16GB DDR4 RAM,16GB,DDR4
908,16GB DDR4 RAM,16GB,DDR4
909,16GB  RAM,16GB,None
910,16GB DDR4 RAM,16GB,DDR4
911,16GB DDR5 RAM,16GB,DDR5
912,8GB DDR4 RAM,8GB,DDR4
913,16GB DDR4 RAM,16GB,DDR4
914,8GB DDR4 RAM,8GB,DDR4
