,SSD,ssd_size,ssd_type
0,512GB SSD,512GB,SSD
1,512GB SSD,512GB,SSD
2,512GB SSD,512GB,SSD
3,512GB SSD,512GB,SSD
4,1TB SSD,1TB,SSD
5,512GB SSD,512GB,SSD
6,256GB SSD,256GB,SSD
7,512GB SSD,512GB,SSD
8,512GB SSD,512GB,SSD
9,512GB SSD,512GB,SSD
10,512GB SSD,512GB,SSD
11,512GB SSD,512GB,SSD
12,512GB SSD,512GB,SSD
13,1TB SSD,1TB,SSD
14,256GB SSD,256GB,SSD
15,512GB SSD,512GB,SSD
16,512GB SSD,512GB,SSD
17,256GB SSD,256GB,SSD
18,512GB SSD,512GB,SSD
19,512GB SSD,512GB,SSD
20,512GB SSD,512GB,SSD
21,512GB SSD,512GB,SSD
22,512GB SSD,512GB,SSD
23,1TB SSD,1TB,SSD
24,512GB SSD,512GB,SSD
25,512GB SSD,512GB,SSD
26,512GB SSD,512GB,SSD
27,512GB SSD,512GB,SSD
28,512GB SSD,512GB,SSD
29,1TB SSD,1TB,SSD
30,512GB SSD,512GB,SSD
31,1TB SSD,1TB,SSD
32,512GB SSD,512GB,SSD
33,512GB SSD,512GB,SSD
34,1TB SSD,1TB,SSD
35,512GB SSD,512GB,SSD
36,1TB SSD,1TB,SSD
37,512GB SSD,512GB,SSD
38,512GB SSD,512GB,SSD
39,512GB SSD,512GB,SSD
40,512GB SSD,512GB,SSD
41,1TB SSD,1TB,SSD
42,512GB SSD,512GB,SSD
43,512GB SSD,512GB,SSD
44,512GB SSD,512GB,SSD
45,256GB SSD,256GB,SSD
46,512GB SSD,512GB,SSD
47,1TB SSD,1TB,SSD
48,512GB SSD,512GB,SSD
49,512GB SSD,512GB,SSD
50,512GB SSD,512GB,SSD
51,512GB SSD,512GB,SSD
52,512GB SSD,512GB,SSD
53,1TB SSD,1TB,SSD
54,1TB SSD,1TB,SSD
55,512GB SSD,512GB,SSD
56,2TB SSD,2TB,SSD
57,512GB SSD,512GB,SSD
58,1TB SSD,1TB,SSD
59,1TB SSD,1TB,SSD
60,512GB SSD,512GB,SSD
61,512GB SSD,512GB,SSD
62,1TB SSD,1TB,SSD
63,512GB SSD,512GB,SSD
64,1TB SSD,1TB,SSD
65,2TB SSD,2TB,SSD
66,512GB SSD,512GB,SSD
67,1TB SSD,1TB,SSD
68,512GB SSD,512GB,SSD
69,1TB SSD,1TB,SSD
70,512GB SSD,512GB,SSD
71,512GB SSD,512GB,SSD
72,512GB SSD,512GB,SSD
73,1TB SSD,1TB,SSD
74,512GB SSD,512GB,SSD
75,512GB SSD,512GB,SSD
76,1TB SSD,1TB,SSD
77,512GB SSD,512GB,SSD
78,512GB SSD,512GB,SSD
79,512GB SSD,512GB,SSD
80,512GB SSD,512GB,SSD
81,512GB SSD,512GB,SSD
82,512GB SSD,512GB,SSD
83,1TB Hard Disk,1TB,Hard Disk
84,512GB SSD,512GB,SSD
85,256GB SSD,256GB,SSD
86,512GB SSD,512GB,SSD
87,128GB SSD,128GB,SSD
88,512GB SSD,512GB,SSD
89,512GB SSD,512GB,SSD
90,512GB SSD,512GB,SSD
91,1TB SSD,1TB,SSD
92,512GB SSD,512GB,SSD
93,512GB SSD,512GB,SSD
94,512GB SSD,512GB,SSD
95,1TB SSD,1TB,SSD
96,512GB SSD,512GB,SSD
97,512GB SSD,512GB,SSD
98,512GB SSD,512GB,SSD
99,1TB SSD,1TB,SSD
100,512GB SSD,512GB,SSD
101,512GB SSD,512GB,SSD
102,512GB SSD,512GB,SSD
103,1TB SSD,1TB,SSD
104,512GB SSD,512GB,SSD
105,512GB SSD,512GB,SSD
106,512GB SSD,512GB,SSD
107,8GB DDR4 RAM,8GB,None
108,Operating System: Windows 11 Home,None,None
109,32GB Hard Disk,32GB,Hard Disk
110,1TB SSD,1TB,SSD
111,512GB SSD,512GB,SSD
112,512GB SSD,512GB,SSD
113,1TB SSD,1TB,SSD
114,1TB SSD,1TB,SSD
115,512GB SSD,512GB,SSD
116,512GB SSD,512GB,SSD
117,1TB SSD,1TB,SSD
118,512GB SSD,512GB,SSD
119,1TB SSD,1TB,SSD
120,512GB SSD,512GB,SSD
121,256GB SSD,256GB,SSD
122,512GB SSD,512GB,SSD
123,512GB SSD,512GB,SSD
124,1TB SSD,1TB,SSD
125,1TB SSD,1TB,SSD
126,512GB SSD,512GB,SSD
127,2TB SSD,2TB,SSD
128,1TB SSD,1TB,SSD
129,512GB SSD,512GB,SSD
130,512GB SSD,512GB,SSD
131,512GB SSD,512GB,SSD
132,1TB SSD,1TB,SSD
133,512GB SSD,512GB,SSD
134,1TB SSD,1TB,SSD
135,512GB SSD,512GB,SSD
136,512GB SSD,512GB,SSD
137,512GB SSD,512GB,SSD
138,1TB SSD,1TB,SSD
139,1TB SSD,1TB,SSD
140,256GB SSD,256GB,SSD
141,512GB SSD,512GB,SSD
142,512GB SSD,512GB,SSD
143,512GB SSD,512GB,SSD
144,512GB SSD,512GB,SSD
145,512GB SSD,512GB,SSD
146,512GB SSD,512GB,SSD
147,512GB SSD,512GB,SSD
148,512GB SSD,512GB,SSD
149,512GB SSD,512GB,SSD
150,1TB SSD,1TB,SSD
151,512GB SSD,512GB,SSD
152,512GB SSD,512GB,SSD
153,512GB SSD,512GB,SSD
154,512GB SSD,512GB,SSD
155,512GB SSD,512GB,SSD
156,512GB SSD,512GB,SSD
157,1TB SSD,1TB,SSD
158,512GB SSD,512GB,SSD
159,512GB SSD,512GB,SSD
160,512GB SSD,512GB,SSD
161,512GB SSD,512GB,SSD
162,512GB SSD,512GB,SSD
163,512GB SSD,512GB,SSD
164,512GB SSD,512GB,SSD
165,512GB SSD,512GB,SSD
166,512GB SSD,512GB,SSD
167,512GB SSD,512GB,SSD
168,512GB SSD,512GB,SSD
169,512GB SSD,512GB,SSD
170,512GB SSD,512GB,SSD
171,512GB SSD,512GB,SSD
172,512GB SSD,512GB,SSD
173,512GB SSD,512GB,SSD
174,512GB SSD,512GB,SSD
175,512GB SSD,512GB,SSD
176,1TB SSD,1TB,SSD
177,512GB SSD,512GB,SSD
178,512GB SSD,512GB,SSD
179,512GB SSD,512GB,SSD
180,512GB SSD,512GB,SSD
181,512GB SSD,512GB,SSD
182,512GB SSD,512GB,SSD
183,128GB SSD,128GB,SSD
184,512GB SSD,512GB,SSD
185,512GB SSD,512GB,SSD
186,512GB SSD,512GB,SSD
187,512GB SSD,512GB,SSD
188,512GB SSD,512GB,SSD
189,512GB SSD,512GB,SSD
190,512GB SSD,512GB,SSD
191,512GB SSD,512GB,SSD
192,512GB SSD,512GB,SSD
193,512GB SSD,512GB,SSD
194,512GB SSD,512GB,SSD
195,512GB SSD,512GB,SSD
196,512GB SSD,512GB,SSD
197,1TB SSD,1TB,SSD
198,512GB SSD,512GB,SSD
199,256GB SSD,256GB,SSD
200,1TB SSD,1TB,SSD
201,2TB SSD,2TB,SSD
202,512GB SSD,512GB,SSD
203,512GB SSD,512GB,SSD
204,512GB SSD,512GB,SSD
205,2TB SSD,2TB,SSD
206,1TB SSD,1TB,SSD
207,512GB SSD,512GB,SSD
208,512GB SSD,512GB,SSD
209,512GB SSD,512GB,SSD
210,512GB SSD,512GB,SSD
211,512GB SSD,512GB,SSD
212,512GB SSD,512GB,SSD
213,512GB SSD,512GB,SSD
214,512GB SSD,512GB,SSD
215,512GB SSD,512GB,SSD
216,512GB SSD,512GB,SSD
217,512GB SSD,512GB,SSD
218,512GB SSD,512GB,SSD
219,512GB SSD,512GB,SSD
220,512GB SSD,512GB,SSD
221,512GB SSD,512GB,SSD
222,512GB SSD,512GB,SSD
223,512GB SSD,512GB,SSD
224,512GB SSD,512GB,SSD
225,1TB SSD,1TB,SSD
226,512GB SSD,512GB,SSD
227,1TB SSD,1TB,SSD
228,1TB SSD,1TB,SSD
229,1TB SSD,1TB,SSD
230,2TB SSD,2TB,SSD
231,1TB SSD,1TB,SSD
232,512GB SSD,512GB,SSD
233,512GB SSD,512GB,SSD
234,512GB SSD,512GB,SSD
235,1TB SSD,1TB,SSD
236,2TB SSD,2TB,SSD
237,2TB SSD,2TB,SSD
238,256GB SSD,256GB,SSD
239,1TB SSD,1TB,SSD
240,512GB SSD,512GB,SSD
241,1TB SSD,1TB,SSD
242,1TB SSD,1TB,SSD
243,1TB SSD,1TB,SSD
244,512GB SSD,512GB,SSD
245,256GB SSD,256GB,SSD
246,512GB SSD,512GB,SSD
247,1TB SSD,1TB,SSD
248,1TB SSD,1TB,SSD
249,512GB SSD,512GB,SSD
250,1TB SSD,1TB,SSD
251,512GB SSD,512GB,SSD
252,512GB SSD,512GB,SSD
253,512GB SSD,512GB,SSD
254,1TB SSD,1TB,SSD
255,1TB SSD,1TB,SSD
256,1TB SSD,1TB,SSD
257,1TB SSD,1TB,SSD
258,1TB SSD,1TB,SSD
259,1TB SSD,1TB,SSD
260,1TB SSD,1TB,SSD
261,2TB SSD,2TB,SSD
262,512GB SSD,512GB,SSD
263,1TB SSD,1TB,SSD
264,1TB SSD,1TB,SSD
265,512GB SSD,512GB,SSD
266,512GB SSD,512GB,SSD
267,512GB SSD,512GB,SSD
268,1TB SSD,1TB,SSD
269,1TB SSD,1TB,SSD
270,512GB SSD,512GB,SSD
271,1TB SSD,1TB,SSD
272,512GB SSD,512GB,SSD
273,1TB SSD,1TB,SSD
274,1TB SSD,1TB,SSD
275,1TB SSD,1TB,SSD
276,512GB SSD,512GB,SSD
277,1TB SSD,1TB,SSD
278,512GB SSD,512GB,SSD
279,1TB SSD,1TB,SSD
280,128GB Hard Disk,128GB,Hard Disk
281,128GB Hard Disk,128GB,Hard Disk
282,128GB Hard Disk,128GB,Hard Disk
283,512GB SSD,512GB,SSD
284,512GB SSD,512GB,SSD
285,512GB SSD,512GB,SSD
286,512GB SSD,512GB,SSD
287,512GB SSD,512GB,SSD
288,512GB SSD,512GB,SSD
289,512GB SSD,512GB,SSD
290,128GB Hard Disk,128GB,Hard Disk
291,512GB SSD,512GB,SSD
292,512GB SSD,512GB,SSD
293,512GB SSD,512GB,SSD
294,512GB SSD,512GB,SSD
295,2TB SSD,2TB,SSD
296,1TB SSD,1TB,SSD
297,1TB SSD,1TB,SSD
298,1TB SSD,1TB,SSD
299,1TB SSD,1TB,SSD
300,256GB SSD,256GB,SSD
301,512GB SSD,512GB,SSD
302,512GB SSD,512GB,SSD
303,512GB SSD,512GB,SSD
304,512GB SSD,512GB,SSD
305,256GB SSD,256GB,SSD
306,256GB SSD,256GB,SSD
307,1TB SSD,1TB,SSD
308,512GB SSD,512GB,SSD
309,1TB SSD,1TB,SSD
310,1TB SSD,1TB,SSD
311,512GB SSD,512GB,SSD
312,512GB SSD,512GB,SSD
313,512GB SSD,512GB,SSD
314,512GB SSD,512GB,SSD
315,512GB SSD,512GB,SSD
316,512GB SSD,512GB,SSD
317,512GB SSD,512GB,SSD
318,2TB SSD,2TB,SSD
319,512GB SSD,512GB,SSD
320,512GB SSD,512GB,SSD
321,512GB SSD,512GB,SSD
322,512GB SSD,512GB,SSD
323,512GB SSD,512GB,SSD
324,128GB Hard Disk,128GB,Hard Disk
325,1TB SSD,1TB,SSD
326,1TB Hard Disk,1TB,Hard Disk
327,1TB SSD,1TB,SSD
328,512GB SSD,512GB,SSD
329,1TB SSD,1TB,SSD
330,512GB SSD,512GB,SSD
331,256GB SSD,256GB,SSD
332,512GB SSD,512GB,SSD
333,512GB SSD,512GB,SSD
334,512GB SSD,512GB,SSD
335,1TB SSD,1TB,SSD
336,512GB SSD,512GB,SSD
337,1TB SSD,1TB,SSD
338,1TB SSD,1TB,SSD
339,512GB SSD,512GB,SSD
340,512GB SSD,512GB,SSD
341,512GB SSD,512GB,SSD
342,256GB SSD,256GB,SSD
343,4TB SSD,4TB,SSD
344,512GB SSD,512GB,SSD
345,1TB SSD,1TB,SSD
346,1TB SSD,1TB,SSD
347,1TB SSD,1TB,SSD
348,512GB SSD,512GB,SSD
349,512GB SSD,512GB,SSD
350,512GB SSD,512GB,SSD
351,256GB SSD,256GB,SSD
352,512GB SSD,512GB,SSD
353,1TB SSD,1TB,SSD
354,1TB SSD,1TB,SSD
355,512GB SSD,512GB,SSD
356,1TB SSD,1TB,SSD
357,512GB SSD,512GB,SSD
358,512GB SSD,512GB,SSD
359,1TB SSD,1TB,SSD
360,512GB SSD,512GB,SSD
361,512GB SSD,512GB,SSD
362,512GB SSD,512GB,SSD
363,512GB SSD,512GB,SSD
364,512GB SSD,512GB,SSD
365,1TB SSD,1TB,SSD
366,512GB SSD,512GB,SSD
367,256GB SSD,256GB,SSD
368,1TB SSD,1TB,SSD
369,512GB SSD,512GB,SSD
370,512GB SSD,512GB,SSD
371,512GB SSD,512GB,SSD
372,512GB SSD,512GB,SSD
373,256GB SSD,256GB,SSD
374,512GB SSD,512GB,SSD
375,512GB SSD,512GB,SSD
376,1TB SSD,1TB,SSD
377,512GB SSD,512GB,SSD
378,512GB SSD,512GB,SSD
379,512GB SSD,512GB,SSD
380,1TB SSD,1TB,SSD
381,512GB SSD,512GB,SSD
382,512GB SSD,512GB,SSD
383,1TB SSD,1TB,SSD
384,1TB SSD,1TB,SSD
385,1TB SSD,1TB,SSD
386,1TB SSD,1TB,SSD
387,512GB SSD,512GB,SSD
388,512GB SSD,512GB,SSD
389,512GB SSD,512GB,SSD
390,1TB SSD,1TB,SSD
391,1TB SSD,1TB,SSD
392,512GB SSD,512GB,SSD
393,512GB SSD,512GB,SSD
394,512GB SSD,512GB,SSD
395,256GB SSD,256GB,SSD
396,512GB SSD,512GB,SSD
397,128GB SSD,128GB,SSD
398,512GB SSD,512GB,SSD
399,512GB SSD,512GB,SSD
400,512GB SSD,512GB,SSD
401,512GB SSD,512GB,SSD
402,512GB SSD,512GB,SSD
403,512GB SSD,512GB,SSD
404,1TB SSD,1TB,SSD
405,1TB SSD,1TB,SSD
406,512GB SSD,512GB,SSD
407,64GB SSD,64GB,SSD
408,256GB SSD,256GB,SSD
409,256GB SSD,256GB,SSD
410,512GB SSD,512GB,SSD
411,128GB SSD,128GB,SSD
412,512GB SSD,512GB,SSD
413,512GB SSD,512GB,SSD
414,1TB SSD,1TB,SSD
415,64GB Hard Disk,64GB,Hard Disk
416,512GB SSD,512GB,SSD
417,256GB SSD,256GB,SSD
418,512GB SSD,512GB,SSD
419,512GB SSD,512GB,SSD
420,512GB SSD,512GB,SSD
421,256GB SSD,256GB,SSD
422,1TB SSD,1TB,SSD
423,512GB SSD,512GB,SSD
424,512GB SSD,512GB,SSD
425,1TB SSD,1TB,SSD
426,512GB SSD,512GB,SSD
427,1TB SSD,1TB,SSD
428,512GB SSD,512GB,SSD
429,512GB SSD,512GB,SSD
430,512GB SSD,512GB,SSD
431,512GB SSD,512GB,SSD
432,128GB SSD,128GB,SSD
433,512GB SSD,512GB,SSD
434,512GB SSD,512GB,SSD
435,512GB SSD,512GB,SSD
436,512GB SSD,512GB,SSD
437,1TB SSD,1TB,SSD
438,1TB SSD,1TB,SSD
439,1TB SSD,1TB,SSD
440,512GB SSD,512GB,SSD
441,512GB SSD,512GB,SSD
442,1TB SSD,1TB,SSD
443,2TB SSD,2TB,SSD
444,512GB SSD,512GB,SSD
445,1TB SSD,1TB,SSD
446,512GB SSD,512GB,SSD
447,512GB SSD,512GB,SSD
448,1TB SSD,1TB,SSD
449,128GB Hard Disk,128GB,Hard Disk
450,256GB SSD,256GB,SSD
451,64GB Hard Disk,64GB,Hard Disk
452,512GB SSD,512GB,SSD
453,512GB SSD,512GB,SSD
454,512GB SSD,512GB,SSD
455,512GB SSD,512GB,SSD
456,1TB SSD,1TB,SSD
457,512GB SSD,512GB,SSD
458,1TB SSD,1TB,SSD
459,512GB SSD,512GB,SSD
460,512GB SSD,512GB,SSD
461,1TB SSD,1TB,SSD
462,512GB SSD,512GB,SSD
463,1TB SSD,1TB,SSD
464,512GB SSD,512GB,SSD
465,512GB SSD,512GB,SSD
466,512GB SSD,512GB,SSD
467,256GB SSD,256GB,SSD
468,512GB SSD,512GB,SSD
469,256GB SSD,256GB,SSD
470,512GB SSD,512GB,SSD
471,512GB SSD,512GB,SSD
472,512GB SSD,512GB,SSD
473,512GB SSD,512GB,SSD
474,512GB SSD,512GB,SSD
475,1TB SSD,1TB,SSD
476,512GB SSD,512GB,SSD
477,512GB SSD,512GB,SSD
478,1TB SSD,1TB,SSD
479,1TB SSD,1TB,SSD
480,512GB SSD,512GB,SSD
481,512GB SSD,512GB,SSD
482,512GB SSD,512GB,SSD
483,1TB SSD,1TB,SSD
484,512GB SSD,512GB,SSD
485,1TB SSD,1TB,SSD
486,512GB SSD,512GB,SSD
487,512GB SSD,512GB,SSD
488,512GB SSD,512GB,SSD
489,1TB SSD,1TB,SSD
490,512GB SSD,512GB,SSD
491,512GB SSD,512GB,SSD
492,1TB SSD,1TB,SSD
493,512GB SSD,512GB,SSD
494,256GB SSD,256GB,SSD
495,256GB SSD,256GB,SSD
496,512GB SSD,512GB,SSD
497,512GB SSD,512GB,SSD
498,512GB SSD,512GB,SSD
499,512GB SSD,512GB,SSD
500,512GB SSD,512GB,SSD
501,512GB SSD,512GB,SSD
502,512GB SSD,512GB,SSD
503,512GB SSD,512GB,SSD
504,1TB SSD,1TB,SSD
505,512GB SSD,512GB,SSD
506,512GB SSD,512GB,SSD
507,512GB SSD,512GB,SSD
508,1TB SSD,1TB,SSD
509,512GB SSD,512GB,SSD
510,512GB SSD,512GB,SSD
511,256GB SSD,256GB,SSD
512,512GB SSD,512GB,SSD
513,512GB SSD,512GB,SSD
514,1TB SSD,1TB,SSD
515,512GB SSD,512GB,SSD
516,1TB SSD,1TB,SSD
517,512GB SSD,512GB,SSD
518,512GB SSD,512GB,SSD
519,512GB SSD,512GB,SSD
520,512GB SSD,512GB,SSD
521,512GB SSD,512GB,SSD
522,512GB SSD,512GB,SSD
523,1TB SSD,1TB,SSD
524,512GB SSD,512GB,SSD
525,512GB SSD,512GB,SSD
526,1TB SSD,1TB,SSD
527,512GB SSD,512GB,SSD
528,1TB SSD,1TB,SSD
529,1TB SSD,1TB,SSD
530,512GB SSD,512GB,SSD
531,512GB SSD,512GB,SSD
532,1TB SSD,1TB,SSD
533,512GB SSD,512GB,SSD
534,512GB SSD,512GB,SSD
535,512GB SSD,512GB,SSD
536,1TB SSD,1TB,SSD
537,512GB SSD,512GB,SSD
538,512GB SSD,512GB,SSD
539,1TB SSD,1TB,SSD
540,1TB SSD,1TB,SSD
541,512GB SSD,512GB,SSD
542,512GB SSD,512GB,SSD
543,512GB SSD,512GB,SSD
544,64GB SSD,64GB,SSD
545,64GB SSD,64GB,SSD
546,256GB SSD,256GB,SSD
547,512GB SSD,512GB,SSD
548,512GB SSD,512GB,SSD
549,512GB SSD,512GB,SSD
550,512GB SSD,512GB,SSD
551,512GB SSD,512GB,SSD
552,512GB SSD,512GB,SSD
553,512GB SSD,512GB,SSD
554,512GB SSD,512GB,SSD
555,1TB SSD,1TB,SSD
556,512GB SSD,512GB,SSD
557,512GB SSD,512GB,SSD
558,512GB SSD,512GB,SSD
559,512GB SSD,512GB,SSD
560,1TB SSD,1TB,SSD
561,512GB SSD,512GB,SSD
562,512GB SSD,512GB,SSD
563,512GB SSD,512GB,SSD
564,512GB SSD,512GB,SSD
565,512GB SSD,512GB,SSD
566,512GB SSD,512GB,SSD
567,512GB SSD,512GB,SSD
568,512GB SSD,512GB,SSD
569,512GB SSD,512GB,SSD
570,1TB SSD,1TB,SSD
571,512GB SSD,512GB,SSD
572,512GB SSD,512GB,SSD
573,512GB SSD,512GB,SSD
574,512GB SSD,512GB,SSD
575,1TB SSD,1TB,SSD
576,512GB SSD,512GB,SSD
577,512GB SSD,512GB,SSD
578,512GB SSD,512GB,SSD
579,512GB SSD,512GB,SSD
580,512GB SSD,512GB,SSD
581,512GB SSD,512GB,SSD
582,512GB SSD,512GB,SSD
583,1TB SSD,1TB,SSD
584,512GB SSD,512GB,SSD
585,256GB SSD,256GB,SSD
586,512GB SSD,512GB,SSD
587,512GB SSD,512GB,SSD
588,512GB SSD,512GB,SSD
589,512GB SSD,512GB,SSD
590,2TB SSD,2TB,SSD
591,512GB SSD,512GB,SSD
592,512GB SSD,512GB,SSD
593,1TB SSD,1TB,SSD
594,1TB Hard Disk,1TB,Hard Disk
595,1TB Hard Disk,1TB,Hard Disk
596,512GB SSD,512GB,SSD
597,512GB SSD,512GB,SSD
598,512GB SSD,512GB,SSD
599,512GB SSD,512GB,SSD
600,512GB SSD,512GB,SSD
601,512GB SSD,512GB,SSD
602,512GB SSD,512GB,SSD
603,1TB SSD,1TB,SSD
604,1TB SSD,1TB,SSD
605,512GB SSD,512GB,SSD
606,1TB SSD,1TB,SSD
607,1TB SSD,1TB,SSD
608,512GB SSD,512GB,SSD
609,1TB SSD,1TB,SSD
610,1TB SSD,1TB,SSD
611,512GB SSD,512GB,SSD
612,1TB SSD,1TB,SSD
613,1TB SSD,1TB,SSD
614,512GB SSD,512GB,SSD
615,1TB SSD,1TB,SSD
616,512GB SSD,512GB,SSD
617,512GB SSD,512GB,SSD
618,512GB SSD,512GB,SSD
619,1TB SSD,1TB,SSD
620,1TB SSD,1TB,SSD
621,1TB SSD,1TB,SSD
622,1TB SSD,1TB,SSD
623,1TB SSD,1TB,SSD
624,1TB SSD,1TB,SSD
625,512GB SSD,512GB,SSD
626,512GB SSD,512GB,SSD
627,512GB SSD,512GB,SSD
628,512GB SSD,512GB,SSD
629,512GB SSD,512GB,SSD
630,512GB SSD,512GB,SSD
631,512GB SSD,512GB,SSD
632,512GB SSD,512GB,SSD
633,512GB SSD,512GB,SSD
634,512GB SSD,512GB,SSD
635,512GB SSD,512GB,SSD
636,512GB SSD,512GB,SSD
637,512GB SSD,512GB,SSD
638,1TB SSD,1TB,SSD
639,512GB SSD,512GB,SSD
640,512GB SSD,512GB,SSD
641,512GB SSD,512GB,SSD
642,512GB SSD,512GB,SSD
643,1TB SSD,1TB,SSD
644,512GB SSD,512GB,SSD
645,512GB SSD,512GB,SSD
646,512GB SSD,512GB,SSD
647,512GB SSD,512GB,SSD
648,512GB SSD,512GB,SSD
649,512GB SSD,512GB,SSD
650,512GB SSD,512GB,SSD
651,512GB SSD,512GB,SSD
652,1TB SSD,1TB,SSD
653,512GB SSD,512GB,SSD
654,512GB SSD,512GB,SSD
655,512GB SSD,512GB,SSD
656,1TB SSD,1TB,SSD
657,2TB SSD,2TB,SSD
658,512GB SSD,512GB,SSD
659,512GB SSD,512GB,SSD
660,1TB SSD,1TB,SSD
661,512GB SSD,512GB,SSD
662,512GB SSD,512GB,SSD
663,512GB SSD,512GB,SSD
664,512GB SSD,512GB,SSD
665,1TB SSD,1TB,SSD
666,1TB SSD,1TB,SSD
667,512GB SSD,512GB,SSD
668,512GB SSD,512GB,SSD
669,512GB SSD,512GB,SSD
670,512GB SSD,512GB,SSD
671,512GB SSD,512GB,SSD
672,1TB SSD,1TB,SSD
673,1TB SSD,1TB,SSD
674,512GB SSD,512GB,SSD
675,512GB SSD,512GB,SSD
676,1TB SSD,1TB,SSD
677,2TB SSD,2TB,SSD
678,512GB SSD,512GB,SSD
679,512GB SSD,512GB,SSD
680,512GB SSD,512GB,SSD
681,1TB SSD,1TB,SSD
682,1TB SSD,1TB,SSD
683,512GB SSD,512GB,SSD
684,1TB SSD,1TB,SSD
685,512GB SSD,512GB,SSD
686,1TB SSD,1TB,SSD
687,512GB SSD,512GB,SSD
688,2TB SSD,2TB,SSD
689,512GB SSD,512GB,SSD
690,512GB SSD,512GB,SSD
691,512GB SSD,512GB,SSD
692,512GB SSD,512GB,SSD
693,512GB SSD,512GB,SSD
694,1TB SSD,1TB,SSD
695,512GB SSD,512GB,SSD
696,512GB SSD,512GB,SSD
697,512GB SSD,512GB,SSD
698,512GB SSD,512GB,SSD
699,512GB SSD,512GB,SSD
700,512GB SSD,512GB,SSD
701,512GB SSD,512GB,SSD
702,512GB SSD,512GB,SSD
703,1TB SSD,1TB,SSD
704,1TB SSD,1TB,SSD
705,1TB SSD,1TB,SSD
706,1TB SSD,1TB,SSD
707,512GB SSD,512GB,SSD
708,1TB SSD,1TB,SSD
709,1TB SSD,1TB,SSD
710,512GB SSD,512GB,SSD
711,1TB SSD,1TB,SSD
712,512GB SSD,512GB,SSD
713,512GB SSD,512GB,SSD
714,1TB SSD,1TB,SSD
715,256GB SSD,256GB,SSD
716,512GB SSD,512GB,SSD
717,512GB SSD,512GB,SSD
718,512GB SSD,512GB,SSD
719,1TB SSD,1TB,SSD
720,1TB SSD,1TB,SSD
721,512GB SSD,512GB,SSD
722,512GB SSD,512GB,SSD
723,512GB SSD,512GB,SSD
724,1TB SSD,1TB,SSD
725,1TB SSD,1TB,SSD
726,1TB SSD,1TB,SSD
727,512GB SSD,512GB,SSD
728,512GB SSD,512GB,SSD
729,512GB SSD,512GB,SSD
730,512GB SSD,512GB,SSD
731,512GB SSD,512GB,SSD
732,512GB SSD,512GB,SSD
733,512GB SSD,512GB,SSD
734,512GB SSD,512GB,SSD
735,512GB SSD,512GB,SSD
736,512GB SSD,512GB,SSD
737,256GB SSD,256GB,SSD
738,512GB SSD,512GB,SSD
739,512GB SSD,512GB,SSD
740,512GB SSD,512GB,SSD
741,512GB SSD,512GB,SSD
742,512GB SSD,512GB,SSD
743,512GB SSD,512GB,SSD
744,512GB SSD,512GB,SSD
745,256GB SSD,256GB,SSD
746,512GB SSD,512GB,SSD
747,512GB SSD,512GB,SSD
748,512GB SSD,512GB,SSD
749,1TB SSD,1TB,SSD
750,512GB SSD,512GB,SSD
751,512GB SSD,512GB,SSD
752,512GB SSD,512GB,SSD
753,512GB SSD,512GB,SSD
754,512GB SSD,512GB,SSD
755,512GB SSD,512GB,SSD
756,512GB SSD,512GB,SSD
757,512GB SSD,512GB,SSD
758,1TB SSD,1TB,SSD
759,512GB SSD,512GB,SSD
760,1TB SSD,1TB,SSD
761,512GB SSD,512GB,SSD
762,512GB SSD,512GB,SSD
763,512GB SSD,512GB,SSD
764,512GB SSD,512GB,SSD
765,512GB SSD,512GB,SSD
766,512GB SSD,512GB,SSD
767,1TB Hard Disk,1TB,Hard Disk
768,1TB SSD,1TB,SSD
769,512GB SSD,512GB,SSD
770,512GB SSD,512GB,SSD
771,1TB SSD,1TB,SSD
772,1TB SSD,1TB,SSD
773,512GB SSD,512GB,SSD
774,512GB SSD,512GB,SSD
775,2TB SSD,2TB,SSD
776,512GB SSD,512GB,SSD
777,512GB SSD,512GB,SSD
778,512GB SSD,512GB,SSD
779,512GB SSD,512GB,SSD
780,512GB SSD,512GB,SSD
781,512GB SSD,512GB,SSD
782,512GB SSD,512GB,SSD
783,512GB SSD,512GB,SSD
784,512GB SSD,512GB,SSD
785,256GB SSD,256GB,SSD
786,512GB SSD,512GB,SSD
787,1TB SSD,1TB,SSD
788,512GB SSD,512GB,SSD
789,512GB SSD,512GB,SSD
790,512GB SSD,512GB,SSD
791,512GB SSD,512GB,SSD
792,1TB SSD,1TB,SSD
793,512GB SSD,512GB,SSD
794,512GB SSD,512GB,SSD
795,512GB SSD,512GB,SSD
796,1TB SSD,1TB,SSD
797,512GB SSD,512GB,SSD
798,1TB SSD,1TB,SSD
799,512GB SSD,512GB,SSD
800,512GB SSD,512GB,SSD
801,1TB SSD,1TB,SSD
802,512GB SSD,512GB,SSD
803,512GB SSD,512GB,SSD
804,512GB SSD,512GB,SSD
805,512GB SSD,512GB,SSD
806,512GB SSD,512GB,SSD
807,512GB SSD,512GB,SSD
808,512GB SSD,512GB,SSD
809,1TB SSD,1TB,SSD
810,512GB SSD,512GB,SSD
811,512GB SSD,512GB,SSD
812,1TB SSD,1TB,SSD
813,1TB SSD,1TB,SSD
814,512GB SSD,512GB,SSD
815,1TB SSD,1TB,SSD
816,512GB SSD,512GB,SSD
817,1TB SSD,1TB,SSD
818,1TB SSD,1TB,SSD
819,512GB SSD,512GB,SSD
820,512GB SSD,512GB,SSD
821,1TB SSD,1TB,SSD
822,512GB SSD,512GB,SSD
823,1TB SSD,1TB,SSD
824,512GB SSD,512GB,SSD
825,512GB SSD,512GB,SSD
826,512GB SSD,512GB,SSD
827,256GB SSD,256GB,SSD
828,128GB SSD,128GB,SSD
829,512GB SSD,512GB,SSD
830,512GB SSD,512GB,SSD
831,512GB SSD,512GB,SSD
832,512GB SSD,512GB,SSD
833,512GB SSD,512GB,SSD
834,512GB SSD,512GB,SSD
835,512GB SSD,512GB,SSD
836,512GB SSD,512GB,SSD
837,512GB SSD,512GB,SSD
838,512GB SSD,512GB,SSD
839,512GB SSD,512GB,SSD
840,512GB SSD,512GB,SSD
841,1TB SSD,1TB,SSD
842,512GB SSD,512GB,SSD
843,512GB SSD,512GB,SSD
844,512GB SSD,512GB,SSD
845,512GB SSD,512GB,SSD
846,512GB SSD,512GB,SSD
847,512GB SSD,512GB,SSD
848,512GB SSD,512GB,SSD
849,512GB SSD,512GB,SSD
850,512GB SSD,512GB,SSD
851,512GB SSD,512GB,SSD
852,512GB SSD,512GB,SSD
853,1TB SSD,1TB,SSD
854,1TB SSD,1TB,SSD
855,512GB SSD,512GB,SSD
856,512GB SSD,512GB,SSD
857,2TB SSD,2TB,SSD
858,512GB SSD,512GB,SSD
859,1TB SSD,1TB,SSD
860,512GB SSD,512GB,SSD
861,512GB SSD,512GB,SSD
862,512GB SSD,512GB,SSD
863,512GB SSD,512GB,SSD
864,1TB SSD,1TB,SSD
865,512GB SSD,512GB,SSD
866,512GB SSD,512GB,SSD
867,512GB SSD,512GB,SSD
868,512GB SSD,512GB,SSD
869,512GB SSD,512GB,SSD
870,512GB SSD,512GB,SSD
871,512GB SSD,512GB,SSD
872,512GB SSD,512GB,SSD
873,512GB SSD,512GB,SSD
874,1TB SSD,1TB,SSD
875,512GB SSD,512GB,SSD
876,512GB SSD,512GB,SSD
877,512GB SSD,512GB,SSD
878,512GB SSD,512GB,SSD
879,1TB SSD,1TB,SSD
880,512GB SSD,512GB,SSD
881,512GB SSD,512GB,SSD
882,512GB SSD,512GB,SSD
883,512GB SSD,512GB,SSD
884,512GB SSD,512GB,SSD
885,512GB SSD,512GB,SSD
886,512GB SSD,512GB,SSD
887,512GB SSD,512GB,SSD
888,1TB SSD,1TB,SSD
889,512GB SSD,512GB,SSD
890,1TB SSD,1TB,SSD
891,512GB SSD,512GB,SSD
892,512GB SSD,512GB,SSD
893,512GB SSD,512GB,SSD
894,1TB SSD,1TB,SSD
895,512GB SSD,512GB,SSD
896,512GB SSD,512GB,SSD
897,512GB SSD,512GB,SSD
898,512GB SSD,512GB,SSD
899,512GB SSD,512GB,SSD
900,512GB SSD,512GB,SSD
901,512GB SSD,512GB,SSD
902,512GB SSD,512GB,SSD
903,512GB SSD,512GB,SSD
904,512GB SSD,512GB,SSD
905,512GB SSD,512GB,SSD
906,512GB SSD,512GB,SSD
907,512GB SSD,512GB,SSD
908,1TB SSD,1TB,SSD
909,512GB SSD,512GB,SSD
910,512GB SSD,512GB,SSD
911,1TB SSD,1TB,SSD
912,512GB SSD,512GB,SSD
913,512GB SSD,512GB,SSD
914,512GB SSD,512GB,SSD
